page,title,text,image_description
1,Meet Sparkle the Triceratops,"In a magical valley where rainbows touch the ground,
Lived Sparkle the Triceratops, the kindest friend around.
With shimmering rainbow spots that twinkled in the sun,
And a glowing golden crest that sparkled when he'd run!","A friendly cartoon Triceratops with rainbow-colored spots all over his body and a bright golden glowing crest on his head, standing in a lush green valley with colorful flowers and a rainbow in the background"
2,Sparkle's Special Friends,"Sparkle had three friends who made his days so bright,
There was Swoosh the Pteranodon with feathers green and white.
Bubbles the Brontosaurus with polka dots of blue,
And Ziggy the Stegosaurus with plates of every hue!","Four cartoon dinosaur friends together: Sparkle the rainbow-spotted Triceratops with golden crest, Swoosh the green and white Pteranodon with friendly eyes, Bubbles the long-necked Brontosaurus covered in blue polka dots, and Ziggy the Stegosaurus with colorful rainbow-colored back plates"
3,The Problem in Paradise,"One morning Sparkle woke to find the sky looked gray,
The rainbow bridge was fading and the colors drained away!
'Oh no!' cried little Sparkle, 'What has happened here?
Our beautiful bright valley is losing all its cheer!'","Sparkle the Triceratops looking worried in a valley that's becoming gray and colorless, with a fading rainbow bridge in the sky and flowers losing their bright colors, shown in a sad but still cartoon-friendly style"
4,Friends Come Together,"His friends came running quickly when they heard his worried call,
'Don't worry, friend,' said Swoosh, 'we'll figure this out, all!
We're stronger when together, that's what friendship means,
Let's search for what has stolen all our pretty, bright scenes!'","The four dinosaur friends huddled together in a group hug, looking determined and supportive of each other, with Swoosh the Pteranodon's wing around Sparkle, showing teamwork and friendship"
5,The Quest Begins,"They searched behind the tall trees and under every stone,
But nowhere could they find what made their colors gone.
Then Bubbles had an idea with her neck stretched up high,
'Look there!' she pointed upward to a cave up in the sky!","The four friends searching together, with Bubbles the long-necked Brontosaurus stretching her neck up very high to point at a mysterious cave entrance high up on a mountain cliff, with dramatic clouds around it"
6,The Color-Eating Cloud,"Inside the cave they found a sad and lonely cloud,
Who'd gobbled up their colors 'cause he felt left out.
'I'm sorry,' said the cloud with tears upon his face,
'I just wanted to be colorful and bright in this place!'","A sad, gray cartoon cloud character with big expressive eyes and teardrops, surrounded by swirls of captured rainbow colors, sitting alone in a cave while the four dinosaur friends look at him with sympathy"
7,Understanding and Kindness,"Sweet Sparkle's heart grew warm, his crest began to glow,
'Dear cloud, you don't need colors for your friendship to show!
But if you'd like some colors, we can share what we've got,
Friendship isn't about looks, but the kindness in your heart!'","Sparkle's golden crest glowing warmly as he speaks kindly to the sad cloud, with his rainbow spots twinkling, showing compassion and understanding in a heartwarming scene"
8,Sharing Makes Everyone Happy,"Each friend shared their colors with the cloud so gray,
Swoosh gave green and white to brighten up his day.
Bubbles shared her blue dots, Ziggy gave his rainbow plates,
And Sparkle shared his golden glow - friendship never waits!","All four dinosaur friends sharing their colors with the cloud - streams of green and white from Swoosh, blue dots from Bubbles, rainbow colors from Ziggy's plates, and golden light from Sparkle's crest, all flowing toward the happy cloud"
9,The Valley Blooms Again,"The grateful cloud returned the colors to their home,
The valley bloomed with beauty, no more need to roam!
Rainbows filled the sky again, flowers danced with glee,
And now they had a new friend - five friends there would be!","The beautiful valley restored to full color with vibrant flowers, multiple rainbows in the sky, and all four dinosaur friends plus their new cloud friend (now colorful and happy) celebrating together in the lush, bright landscape"
10,Friendship Is the Greatest Magic,"From that day on they played together, five friends so true,
Sparkle learned that sharing makes your happiness grow too!
When you share your special gifts and show a heart that's kind,
The most magical friendships are the ones that you will find!","All five friends - the four dinosaurs and the colorful cloud - playing happily together in the beautiful valley, with sparkles and magic in the air, showing the joy and magic of true friendship in a celebratory final scene"
